{"cameraMode":{"drawMode":0,"name":"Shaded","section":"Shading Mode"},"sceneLighting":true,"audioPlay":false,"sceneViewState":{"m_AlwaysRefresh":false,"showFog":true,"showSkybox":true,"showFlares":true,"showImageEffects":true,"showParticleSystems":true,"showVisualEffectGraphs":true,"m_FxEnabled":true},"in2DMode":false,"pivot":{"x":82.99411010742188,"y":10.521404266357422,"z":93.51705932617188},"rotation":{"x":-0.049099795520305637,"y":0.9005755186080933,"z":-0.41882437467575076,"w":-0.10557543486356735},"size":12.12435531616211,"orthographic":false}